{"name":"e1ba1447-6a79-4acf-95c7-36edf04b6fc3","id":"/providers/Microsoft.Flow/flows/e1ba1447-6a79-4acf-95c7-36edf04b6fc3","type":"Microsoft.Flow/flows","properties":{"apiId":"/providers/Microsoft.PowerApps/apis/shared_logicflows","displayName":"RoadmapListCreator","definition":{"metadata":{"workflowEntityId":null,"processAdvisorMetadata":null,"flowclientsuspensionreason":"None","flowclientsuspensiontime":null,"creator":{"id":"843d0d06-2946-47a9-8a7e-d51ae1225206","type":"User","tenantId":"40cb80fe-0b1d-4783-85fe-69b7d92cd66c"},"provisioningMethod":"FromDefinition","failureAlertSubscription":true,"clientLastModifiedTime":"2022-07-04T11:00:09.6123289Z"},"$schema":"https://schema.management.azure.com/providers/Microsoft.Logic/schemas/2016-06-01/workflowdefinition.json#","contentVersion":"1.0.0.0","parameters":{"$connections":{"defaultValue":{},"type":"Object"},"$authentication":{"defaultValue":{},"type":"SecureObject"}},"triggers":{"manual":{"metadata":{"operationMetadataId":"a5e30647-d0ff-4080-8e9f-9ef0f0554f35"},"type":"Request","kind":"Button","inputs":{"schema":{"type":"object","properties":{},"required":[]}}}},"actions":{"Terminate":{"runAfter":{"Apply_to_each":["Succeeded"]},"metadata":{"operationMetadataId":"e09367e4-b699-448a-a291-4df72fb5001a"},"type":"Terminate","inputs":{"runStatus":"Succeeded"}},"Columns":{"runAfter":{"List_Name":["Succeeded"]},"metadata":{"operationMetadataId":"d451d9fe-b17b-4f1b-b2dc-7485f2685ba4"},"type":"InitializeVariable","inputs":{"variables":[{"name":"columns","type":"array","value":[{"Name":"'Product'","FieldType":2},{"Name":"'Summary'","FieldType":3},{"Name":"'PublishDate'","FieldType":4},{"Name":"'UpdatedDate'","FieldType":4},{"Name":"'Url'","FieldType":2},{"Name":"'GADate'","FieldType":3},{"Name":"'Category'","FieldType":3},{"Name":"'GUID'","FieldType":2}]}]}},"Apply_to_each":{"foreach":"@variables('columns')","actions":{"Create_SharePoint_Column_Product_2":{"runAfter":{},"metadata":{"operationMetadataId":"5dc4ca9e-908e-466f-a55f-2f7fbbb08c7b"},"type":"OpenApiConnection","inputs":{"host":{"apiId":"/providers/Microsoft.PowerApps/apis/shared_sharepointonline","connectionName":"shared_sharepointonline","operationId":"HttpRequest"},"parameters":{"dataset":"https://m365x40353779.sharepoint.com/sites/SeasonalCalendar","parameters/method":"POST","parameters/uri":"/_api/web/lists/getbytitle('Roadmap Microsoft')/fields","parameters/headers":{"Accept":"application/json;odata=verbose","Content-Type":"application/json;odata=verbose"},"parameters/body":"{\n \"__metadata\":{\"type\": \"SP.FieldText\"},\n \"FieldTypeKind\": @{items('Apply_to_each')?['FieldType']},\n \"Title\": @{items('Apply_to_each')?['Name']}\n}"},"authentication":{"value":"@json(decodeBase64(triggerOutputs().headers['X-MS-APIM-Tokens']))['$ConnectionKey']","type":"Raw"}}},"Add_Field_to_view_2":{"runAfter":{"Create_SharePoint_Column_Product_2":["Succeeded"]},"metadata":{"operationMetadataId":"ab2214e9-2980-49a5-a19a-5de954dc96ce"},"type":"OpenApiConnection","inputs":{"host":{"apiId":"/providers/Microsoft.PowerApps/apis/shared_sharepointonline","connectionName":"shared_sharepointonline","operationId":"HttpRequest"},"parameters":{"dataset":"https://m365x40353779.sharepoint.com/sites/SeasonalCalendar","parameters/method":"POST","parameters/uri":"_api/web/lists/GetByTitle('@{variables('SharePointList')}')/views/getbytitle('All Items')/ViewFields/AddViewField(@{items('Apply_to_each')?['Name']})","parameters/headers":{"Accept":"application/json;odata=verbose","Content-Type":"application/json;odata=verbose"}},"authentication":{"value":"@json(decodeBase64(triggerOutputs().headers['X-MS-APIM-Tokens']))['$ConnectionKey']","type":"Raw"}}}},"runAfter":{"Create_SharePoint_List":["Succeeded"]},"metadata":{"operationMetadataId":"a4477f99-ddd2-48b9-bf71-644c5bc34118"},"type":"Foreach"},"Create_SharePoint_List":{"runAfter":{"Columns":["Succeeded"]},"metadata":{"operationMetadataId":"16d3a9cf-3924-4453-8869-9f8a664b2e7c"},"type":"OpenApiConnection","inputs":{"host":{"apiId":"/providers/Microsoft.PowerApps/apis/shared_sharepointonline","connectionName":"shared_sharepointonline","operationId":"HttpRequest"},"parameters":{"dataset":"https://m365x40353779.sharepoint.com/sites/SeasonalCalendar","parameters/method":"POST","parameters/uri":"/_api/web/lists","parameters/headers":{"Accept":"application/json;odata=verbose","Content-Type":"application/json;odata=verbose"},"parameters/body":"{\n \"__metadata\":{\"type\": \"SP.List\"},\n \"AllowContentTypes\": true,\n \"BaseTemplate\": 100,\n \"Title\": '@{variables('SharePointList')}'\n}"},"authentication":{"value":"@json(decodeBase64(triggerOutputs().headers['X-MS-APIM-Tokens']))['$ConnectionKey']","type":"Raw"}}},"List_Name":{"runAfter":{},"metadata":{"operationMetadataId":"aaa93588-cb22-4f30-94d1-6b843984115e"},"type":"InitializeVariable","inputs":{"variables":[{"name":"SharePointList","type":"string","value":"Roadmap Microsoft"}]}}}},"connectionReferences":{"shared_sharepointonline":{"connectionName":"374c709a905e4af3aacb3f09450505f4","source":"Invoker","id":"/providers/Microsoft.PowerApps/apis/shared_sharepointonline","tier":"NotSpecified"}},"flowFailureAlertSubscribed":false,"isManaged":false}}