{"name":"b4f34075-e1cf-4601-83cc-c0c7d42c8164","id":"/providers/Microsoft.Flow/flows/b4f34075-e1cf-4601-83cc-c0c7d42c8164","type":"Microsoft.Flow/flows","properties":{"apiId":"/providers/Microsoft.PowerApps/apis/shared_logicflows","displayName":"RoadmapRSSFlow","definition":{"metadata":{"workflowEntityId":null,"processAdvisorMetadata":null,"flowclientsuspensionreason":"None","flowclientsuspensiontime":null,"flowclientsuspensionreasondetails":null,"creator":{"id":"843d0d06-2946-47a9-8a7e-d51ae1225206","type":"User","tenantId":"40cb80fe-0b1d-4783-85fe-69b7d92cd66c"},"provisioningMethod":"FromDefinition","failureAlertSubscription":true,"clientLastModifiedTime":"2022-08-09T11:51:10.8059129Z"},"$schema":"https://schema.management.azure.com/providers/Microsoft.Logic/schemas/2016-06-01/workflowdefinition.json#","contentVersion":"1.0.0.0","parameters":{"$connections":{"defaultValue":{},"type":"Object"},"$authentication":{"defaultValue":{},"type":"SecureObject"}},"triggers":{"Recurrence":{"recurrence":{"frequency":"Month","interval":1,"startTime":"2022-09-01T00:00:00Z"},"metadata":{"operationMetadataId":"b599891a-1e5f-40a8-9416-c256d8ae0488"},"type":"Recurrence"}},"actions":{"Categories_Variable_Init":{"runAfter":{},"metadata":{"operationMetadataId":"690c3a59-098b-4024-b05e-a01cff63c326"},"type":"InitializeVariable","inputs":{"variables":[{"name":"vCategories","type":"array"}]}},"GADate_Init":{"runAfter":{"tempProduct_init":["Succeeded"]},"metadata":{"operationMetadataId":"77b50dc1-b7b3-45a2-a1da-c0e76ea1c54f"},"type":"InitializeVariable","inputs":{"variables":[{"name":"vGADate","type":"string"}]}},"tempGADate_Init":{"runAfter":{"GADate_Init":["Succeeded"]},"metadata":{"operationMetadataId":"89394e0c-cd20-4bf0-9f23-641b06a41ab2"},"type":"InitializeVariable","inputs":{"variables":[{"name":"tempGADate","type":"string"}]}},"Date_for_start_of_Rss_Init":{"runAfter":{"tempGADate_Init":["Succeeded"]},"metadata":{"operationMetadataId":"d2c9c911-be0d-4e9c-9833-8269c1960088"},"type":"InitializeVariable","inputs":{"variables":[{"name":"vDateForRss","type":"string"}]}},"Product_Init":{"runAfter":{"Categories_Variable_Init":["Succeeded"]},"metadata":{"operationMetadataId":"0c93c900-72b2-4355-8f44-5a07aae6e4eb"},"type":"InitializeVariable","inputs":{"variables":[{"name":"vProduct","type":"string"}]}},"tempProduct_init":{"runAfter":{"Product_Init":["Succeeded"]},"metadata":{"operationMetadataId":"10b052ca-74ac-4bb3-80eb-9b9a20d053d4"},"type":"InitializeVariable","inputs":{"variables":[{"name":"tempProduct","type":"string"}]}},"Retrieve_elements":{"runAfter":{},"metadata":{"operationMetadataId":"7597e774-7edb-42ae-8a4c-2c682e8777e8"},"type":"OpenApiConnection","inputs":{"host":{"apiId":"/providers/Microsoft.PowerApps/apis/shared_sharepointonline","connectionName":"shared_sharepointonline_1","operationId":"GetItems"},"parameters":{"dataset":"https://m365x40353779.sharepoint.com/sites/SeasonalCalendar","table":"fb18bb30-50a7-41e4-bf90-9e2d9d844c7a"},"authentication":"@parameters('$authentication')"}},"Check_if_SP_list_contains_elements":{"actions":{"If_entries_in_SP_List,_we_add_new_entries_from_last_month":{"runAfter":{},"metadata":{"operationMetadataId":"5e185938-b1d4-41ea-9bc9-8d4c0388ed65"},"type":"SetVariable","inputs":{"name":"vDateForRss","value":"@{getPastTime(1,'Month','yyyy-MM-dd')}"}}},"runAfter":{"Date_for_start_of_Rss_Init":["Succeeded"],"Retrieve_elements":["Succeeded"]},"else":{"actions":{"If_no_entries_in_SP_List,_we_add_all_entries_from_this_year":{"runAfter":{},"metadata":{"operationMetadataId":"32432c44-b58c-4461-87ac-babae44c57f5"},"type":"SetVariable","inputs":{"name":"vDateForRss","value":"@{addDays(subtractFromTime(utcNow(),dayOfYear(utcNow()),'day'),1,'yyyy-MM-dd')}"}}}},"expression":{"greater":["@length(outputs('Retrieve_elements')?['body/value'])",0]},"metadata":{"operationMetadataId":"50fa8641-420f-42ec-94fc-39198793bb7f"},"type":"If"},"Loop_through_RSS_feed":{"foreach":"@body('Lists_the_RSS_feed_items')","actions":{"Add_Categories_in_vCategories":{"runAfter":{},"metadata":{"operationMetadataId":"172da000-036c-4091-a62e-1f67a15eb691"},"type":"SetVariable","inputs":{"name":"vCategories","value":"@items('Loop_through_RSS_feed')?['categories']"}},"Check_if_the_element_has_already_been_released":{"actions":{"Create_element":{"runAfter":{},"metadata":{"operationMetadataId":"95b1a0b1-5fd3-4ca6-bcc8-4add2ace3e81"},"type":"OpenApiConnection","inputs":{"host":{"apiId":"/providers/Microsoft.PowerApps/apis/shared_sharepointonline","connectionName":"shared_sharepointonline_1","operationId":"PostItem"},"parameters":{"dataset":"https://m365x40353779.sharepoint.com/sites/SeasonalCalendar","table":"fb18bb30-50a7-41e4-bf90-9e2d9d844c7a","item/Title":"@items('Loop_through_RSS_feed')?['title']","item/Product":"@variables('vProduct')","item/Summary":"@items('Loop_through_RSS_feed')?['summary']","item/PublishDate":"@items('Loop_through_RSS_feed')?['publishDate']","item/UpdatedDate":"@items('Loop_through_RSS_feed')?['updatedOn']","item/Url":"@items('Loop_through_RSS_feed')?['primaryLink']","item/GADate":"@variables('vGADate')","item/Category":"@items('Loop_through_RSS_feed')?['categories']","item/GUID0":"@items('Loop_through_RSS_feed')?['id']"},"authentication":"@parameters('$authentication')"}}},"runAfter":{"Add_GA_Date_to_vGADate":["Succeeded"]},"expression":{"contains":["@variables('vCategories')","Launched"]},"metadata":{"operationMetadataId":"010524f1-7704-428c-a7f2-bb1691a6e619"},"type":"If"},"Add_summary_to_tempGADate":{"runAfter":{"Add_Categories_in_vCategories":["Succeeded"]},"metadata":{"operationMetadataId":"389b023d-ec62-490c-8bfb-0861e512099e"},"type":"SetVariable","inputs":{"name":"tempGADate","value":"@{items('Loop_through_RSS_feed')?['summary']}"}},"Add_GA_Date_to_vGADate":{"runAfter":{"Add_Product_Name_to_vProduct":["Succeeded"]},"metadata":{"operationMetadataId":"dff7c884-a5e4-4e97-9ca5-73c90618697a"},"type":"SetVariable","inputs":{"name":"vGADate","value":"@{last(split(variables('tempGADate'),'GA date: '))}"}},"Add_title_to_tempProduct":{"runAfter":{"Add_summary_to_tempGADate":["Succeeded"]},"metadata":{"operationMetadataId":"a77de3fa-9715-49bd-9293-e54dd7dd715d"},"type":"SetVariable","inputs":{"name":"tempProduct","value":"@{items('Loop_through_RSS_feed')?['title']}"}},"Add_Product_Name_to_vProduct":{"runAfter":{"Add_title_to_tempProduct":["Succeeded"]},"metadata":{"operationMetadataId":"aae9faf3-2adc-4562-bca1-694acb18793e"},"type":"SetVariable","inputs":{"name":"vProduct","value":"@{first(split(variables('tempProduct'),':'))}"}}},"runAfter":{"Lists_the_RSS_feed_items":["Succeeded"]},"metadata":{"operationMetadataId":"d5897d3c-7412-4f91-8d49-29dac4d994cb"},"type":"Foreach"},"Lists_the_RSS_feed_items":{"runAfter":{"Check_if_SP_list_contains_elements":["Succeeded"]},"metadata":{"operationMetadataId":"ed3a2c9f-ecbb-4409-ab66-f4a33a884e26"},"type":"OpenApiConnection","inputs":{"host":{"apiId":"/providers/Microsoft.PowerApps/apis/shared_rss","connectionName":"shared_rss","operationId":"ListFeedItems"},"parameters":{"feedUrl":"https://www.microsoft.com/de-de/microsoft-365/RoadmapFeatureRSS/","since":"@variables('vDateForRss')","sinceProperty":"PublishDate"},"authentication":"@parameters('$authentication')"}}}},"connectionReferences":{"shared_sharepointonline_1":{"connectionName":"374c709a905e4af3aacb3f09450505f4","source":"Embedded","id":"/providers/Microsoft.PowerApps/apis/shared_sharepointonline","tier":"NotSpecified"},"shared_rss":{"connectionName":"bdd7d032f1e44594b8f541f4da4f9654","source":"Embedded","id":"/providers/Microsoft.PowerApps/apis/shared_rss","tier":"NotSpecified"}},"flowFailureAlertSubscribed":false,"isManaged":false}}