{"name":"446841f6-5fe9-4c1e-aff5-313edd4b0a4a","id":"/providers/Microsoft.Flow/flows/446841f6-5fe9-4c1e-aff5-313edd4b0a4a","type":"Microsoft.Flow/flows","properties":{"apiId":"/providers/Microsoft.PowerApps/apis/shared_logicflows","displayName":"RoadmapRSSFlow","definition":{"metadata":{"workflowEntityId":null,"processAdvisorMetadata":null,"flowclientsuspensionreason":"None","flowclientsuspensiontime":null,"creator":{"id":"843d0d06-2946-47a9-8a7e-d51ae1225206","type":"User","tenantId":"40cb80fe-0b1d-4783-85fe-69b7d92cd66c"},"provisioningMethod":"FromDefinition","failureAlertSubscription":true,"clientLastModifiedTime":"2022-05-20T09:51:21.872151Z"},"$schema":"https://schema.management.azure.com/providers/Microsoft.Logic/schemas/2016-06-01/workflowdefinition.json#","contentVersion":"1.0.0.0","parameters":{"$connections":{"defaultValue":{},"type":"Object"},"$authentication":{"defaultValue":{},"type":"SecureObject"}},"triggers":{"Recurrence":{"recurrence":{"frequency":"Day","interval":1,"timeZone":"W. Europe Standard Time","startTime":"2022-05-20T11:52:00"},"metadata":{"operationMetadataId":"b90b2fa8-bc4b-4996-bdd0-17aad5ab4e3e"},"type":"Recurrence"}},"actions":{"Categories_Variable_Init":{"runAfter":{},"metadata":{"operationMetadataId":"690c3a59-098b-4024-b05e-a01cff63c326"},"type":"InitializeVariable","inputs":{"variables":[{"name":"vCategories","type":"array"}]}},"GADate_Init":{"runAfter":{"tempProduct_init":["Succeeded"]},"metadata":{"operationMetadataId":"77b50dc1-b7b3-45a2-a1da-c0e76ea1c54f"},"type":"InitializeVariable","inputs":{"variables":[{"name":"vGADate","type":"string"}]}},"tempGADate_Init":{"runAfter":{"GADate_Init":["Succeeded"]},"metadata":{"operationMetadataId":"89394e0c-cd20-4bf0-9f23-641b06a41ab2"},"type":"InitializeVariable","inputs":{"variables":[{"name":"tempGADate","type":"string"}]}},"Elemente_abrufen":{"runAfter":{},"metadata":{"operationMetadataId":"7597e774-7edb-42ae-8a4c-2c682e8777e8"},"type":"OpenApiConnection","inputs":{"host":{"apiId":"/providers/Microsoft.PowerApps/apis/shared_sharepointonline","connectionName":"shared_sharepointonline_1","operationId":"GetItems"},"parameters":{"dataset":"https://m365x40353779.sharepoint.com/sites/SeasonalCalendar","table":"582ff738-cbdb-4e44-b9f7-68984f57102e"},"authentication":"@parameters('$authentication')"}},"Überprüfung_ob_SP_Liste_Elemente_enthält":{"actions":{"If_entries_in_SP_List,_we_add_new_entries_from_last_month":{"runAfter":{},"metadata":{"operationMetadataId":"5e185938-b1d4-41ea-9bc9-8d4c0388ed65"},"type":"SetVariable","inputs":{"name":"vDateForRss","value":"@{getPastTime(1,'Day','yyyy-MM-dd')}"}}},"runAfter":{"Elemente_abrufen":["Succeeded"],"Date_for_start_of_Rss_Init":["Succeeded"]},"else":{"actions":{"If_no_entries_in_SP_List,_we_add_all_entries_from_this_year":{"runAfter":{},"metadata":{"operationMetadataId":"32432c44-b58c-4461-87ac-babae44c57f5"},"type":"SetVariable","inputs":{"name":"vDateForRss","value":"@{addDays(subtractFromTime(utcNow(),dayOfYear(utcNow()),'day'),1,'yyyy-MM-dd')}"}}}},"expression":{"greater":["@length(outputs('Elemente_abrufen')?['body/value'])",0]},"metadata":{"operationMetadataId":"50fa8641-420f-42ec-94fc-39198793bb7f"},"type":"If"},"Date_for_start_of_Rss_Init":{"runAfter":{"tempGADate_Init":["Succeeded"]},"metadata":{"operationMetadataId":"d2c9c911-be0d-4e9c-9833-8269c1960088"},"type":"InitializeVariable","inputs":{"variables":[{"name":"vDateForRss","type":"string"}]}},"Loop_durch_RSS-Feed":{"foreach":"@body('Listet_die_RSS-Feedelemente_auf')","actions":{"Add_Categories_in_vCategories":{"runAfter":{},"metadata":{"operationMetadataId":"172da000-036c-4091-a62e-1f67a15eb691"},"type":"SetVariable","inputs":{"name":"vCategories","value":"@item()?['categories']"}},"Überprüfung_ob_das_Element_bereits_released_wurde":{"actions":{"Element_erstellen":{"runAfter":{},"metadata":{"operationMetadataId":"95b1a0b1-5fd3-4ca6-bcc8-4add2ace3e81"},"type":"OpenApiConnection","inputs":{"host":{"apiId":"/providers/Microsoft.PowerApps/apis/shared_sharepointonline","connectionName":"shared_sharepointonline_1","operationId":"PostItem"},"parameters":{"dataset":"https://m365x40353779.sharepoint.com/sites/SeasonalCalendar","table":"582ff738-cbdb-4e44-b9f7-68984f57102e","item/Title":"@item()?['title']","item/Product":"@variables('vProduct')","item/Summary":"@items('Loop_durch_RSS-Feed')?['summary']","item/Publishat":"@items('Loop_durch_RSS-Feed')?['publishDate']","item/UpdatedDate":"@item()?['updatedOn']","item/Url":"@item()?['primaryLink']","item/GADate":"@variables('vGADate')","item/Category":"@items('Loop_durch_RSS-Feed')?['categories']","item/GUID0":"@item()?['id']"},"authentication":"@parameters('$authentication')"}}},"runAfter":{"Add_GA_Date_to_vGADate":["Succeeded"]},"expression":{"contains":["@variables('vCategories')","Launched"]},"metadata":{"operationMetadataId":"010524f1-7704-428c-a7f2-bb1691a6e619"},"type":"If"},"Add_summary_to_tempGADate":{"runAfter":{"Add_Categories_in_vCategories":["Succeeded"]},"metadata":{"operationMetadataId":"389b023d-ec62-490c-8bfb-0861e512099e"},"type":"SetVariable","inputs":{"name":"tempGADate","value":"@item()?['summary']"}},"Add_GA_Date_to_vGADate":{"runAfter":{"Add_Product_Name_to_vProduct":["Succeeded"]},"metadata":{"operationMetadataId":"dff7c884-a5e4-4e97-9ca5-73c90618697a"},"type":"SetVariable","inputs":{"name":"vGADate","value":"@{last(split(variables('tempGADate'),'GA date: '))}"}},"Add_title_to_tempProduct":{"runAfter":{"Add_summary_to_tempGADate":["Succeeded"]},"metadata":{"operationMetadataId":"a77de3fa-9715-49bd-9293-e54dd7dd715d"},"type":"SetVariable","inputs":{"name":"tempProduct","value":"@item()?['title']"}},"Add_Product_Name_to_vProduct":{"runAfter":{"Add_title_to_tempProduct":["Succeeded"]},"metadata":{"operationMetadataId":"aae9faf3-2adc-4562-bca1-694acb18793e"},"type":"SetVariable","inputs":{"name":"vProduct","value":"@{first(split(variables('tempProduct'),':'))}"}}},"runAfter":{"Listet_die_RSS-Feedelemente_auf":["Succeeded"]},"metadata":{"operationMetadataId":"d5897d3c-7412-4f91-8d49-29dac4d994cb"},"type":"Foreach"},"Listet_die_RSS-Feedelemente_auf":{"runAfter":{"Überprüfung_ob_SP_Liste_Elemente_enthält":["Succeeded"]},"metadata":{"operationMetadataId":"ed3a2c9f-ecbb-4409-ab66-f4a33a884e26"},"type":"OpenApiConnection","inputs":{"host":{"apiId":"/providers/Microsoft.PowerApps/apis/shared_rss","connectionName":"shared_rss","operationId":"ListFeedItems"},"parameters":{"feedUrl":"https://www.microsoft.com/de-de/microsoft-365/RoadmapFeatureRSS/","since":"@variables('vDateForRss')","sinceProperty":"PublishDate"},"authentication":"@parameters('$authentication')"}},"Product_Init":{"runAfter":{"Categories_Variable_Init":["Succeeded"]},"metadata":{"operationMetadataId":"0c93c900-72b2-4355-8f44-5a07aae6e4eb"},"type":"InitializeVariable","inputs":{"variables":[{"name":"vProduct","type":"string"}]}},"tempProduct_init":{"runAfter":{"Product_Init":["Succeeded"]},"metadata":{"operationMetadataId":"10b052ca-74ac-4bb3-80eb-9b9a20d053d4"},"type":"InitializeVariable","inputs":{"variables":[{"name":"tempProduct","type":"string"}]}}}},"connectionReferences":{"shared_sharepointonline_1":{"connectionName":"374c709a905e4af3aacb3f09450505f4","source":"Embedded","id":"/providers/Microsoft.PowerApps/apis/shared_sharepointonline","tier":"NotSpecified"},"shared_rss":{"connectionName":"bdd7d032f1e44594b8f541f4da4f9654","source":"Embedded","id":"/providers/Microsoft.PowerApps/apis/shared_rss","tier":"NotSpecified"}},"flowFailureAlertSubscribed":false,"isManaged":false}}