{"schemaVersion":"1.0","appDefinitionTemplate":{"id":"/providers/Microsoft.PowerApps/apps/","type":"Microsoft.PowerApps/apps","tags":{"primaryDeviceWidth":"1366","primaryDeviceHeight":"768","supportsPortrait":"false","supportsLandscape":"true","primaryFormFactor":"Tablet","publisherVersion":"3.22064.10","minimumRequiredApiVersion":"2.2.0","hasComponent":"false","hasUnlockedComponent":"false","isUnifiedRootApp":"false","sienaVersion":"20220712T083410Z-3.22064.10.0"},"properties":{"appVersion":"2022-07-12T08:34:10Z","lifeCycleId":"Published","createdByClientVersion":{"major":3,"minor":22064,"build":10,"revision":0,"majorRevision":0,"minorRevision":0},"minClientVersion":{"major":3,"minor":22064,"build":10,"revision":0,"majorRevision":0,"minorRevision":0},"backgroundColor":"rgba(168, 0, 0, 1)","backgroundImageUri":"/1215667216098842100/N97708d20-b4df-4d65-86cb-2dea6ab4f6a0-logoSmallFile","displayName":"Jahreszeitenkalender","description":"","commitMessage":"- Added responsive App Design\n- Removed Monthly Screens and added overall screen for all months","appUris":{"documentUri":{"value":"/1215667216098842100/N29e187bb-f980-488d-b63d-120695ef1681-document.msapp"},"imageUris":[],"additionalUris":[]},"createdTime":"0001-01-01T00:00:00Z","lastModifiedTime":"0001-01-01T00:00:00Z","sharedGroupsCount":0,"sharedUsersCount":0,"icons":{"smallIconUri":"/1215667216098842100/Nd1a648e0-1bfe-49b5-a612-adc6d0e8b17a-small.png","mediumIconUri":"/1215667216098842100/N322e3c28-989e-4f38-b572-fddac6b7a4c8-medium.png","largeIconUri":"/1215667216098842100/Nfcbe6eae-cafa-452b-a9bf-3cc38ea1e0ac-large.png","wideIconUri":"/1215667216098842100/N013a4953-8c61-42a3-9a33-37a4cee6c94d-wide.png"},"connectionReferences":{"63f54b0e-6481-463e-b148-84d752556900":{"id":"18085d35-82f4-48dd-8f2c-41b6e2db9c7d","displayName":"SharePoint","iconUri":"https://connectoricons-prod.azureedge.net/releases/v1.0.1578/1.0.1578.2813/sharepointonline/icon.png","dataSources":["Roadmap Microsoft"],"dependencies":[],"dependents":[],"parameterHints":{},"parameterHintsV2":{},"isOnPremiseConnection":false,"bypassConsent":false,"dataSets":{"https://m365x40353779.sharepoint.com/sites/SeasonalCalendar":{"dataSources":{"Roadmap Microsoft":{"tableName":"fb18bb30-50a7-41e4-bf90-9e2d9d844c7a"}}}},"apiTier":"Standard","isCustomApiConnection":false,"actions":["providers/PowerPlatform.Governance/Operations/Read"]}},"databaseReferences":{},"almMode":"Environment","performanceOptimizationEnabled":true,"canConsumeAppPass":true,"executionRestrictions":{"isTeamsOnly":false,"dataLossPreventionEvaluationResult":{"status":"Compliant","lastEvaluationDate":"2022-05-05T09:07:30.2714068Z","violations":[],"violationsByPolicy":[],"violationErrorMessage":"Die App verwendet die folgenden Connectors: ."}}},"appType":"ClassicCanvasApp","appComponents":[]}}