{"schemaVersion":"1.0","appDefinitionTemplate":{"id":"/providers/Microsoft.PowerApps/apps/","type":"Microsoft.PowerApps/apps","tags":{"primaryDeviceWidth":"1366","primaryDeviceHeight":"768","supportsPortrait":"false","supportsLandscape":"true","primaryFormFactor":"Tablet","publisherVersion":"3.22064.10","minimumRequiredApiVersion":"2.2.0","hasComponent":"false","hasUnlockedComponent":"false","isUnifiedRootApp":"false","sienaVersion":"20220714T072540Z-3.22064.10.0"},"properties":{"appVersion":"2022-07-14T07:25:40Z","lifeCycleId":"Published","createdByClientVersion":{"major":3,"minor":22064,"build":10,"revision":0,"majorRevision":0,"minorRevision":0},"minClientVersion":{"major":3,"minor":22064,"build":10,"revision":0,"majorRevision":0,"minorRevision":0},"backgroundColor":"rgba(168, 0, 0, 1)","backgroundImageUri":"/1215667216098842100/Nce527da8-d7a7-468a-aa83-24dbb3554f87-logoSmallFile","displayName":"Jahreszeitenkalender","description":"","commitMessage":"","appUris":{"documentUri":{"value":"/1215667216098842100/N5da4327c-f20f-4d42-b836-c69796c31bbc-document.msapp"},"imageUris":[],"additionalUris":[]},"createdTime":"0001-01-01T00:00:00Z","lastModifiedTime":"0001-01-01T00:00:00Z","sharedGroupsCount":0,"sharedUsersCount":0,"icons":{"smallIconUri":"/1215667216098842100/N68ee44e8-0a02-43bd-8b43-1ec4492219a5-small.png","mediumIconUri":"/1215667216098842100/N664596cf-9c80-414a-aab7-20e845c0dc01-medium.png","largeIconUri":"/1215667216098842100/N0826302a-e6a7-47f9-8664-c46ed87db693-large.png","wideIconUri":"/1215667216098842100/N0494a707-22b2-4ce6-8ef6-0a78b3b8598b-wide.png"},"connectionReferences":{"63f54b0e-6481-463e-b148-84d752556900":{"id":"18085d35-82f4-48dd-8f2c-41b6e2db9c7d","displayName":"SharePoint","iconUri":"https://connectoricons-prod.azureedge.net/releases/v1.0.1578/1.0.1578.2813/sharepointonline/icon.png","dataSources":["Roadmap Microsoft"],"dependencies":[],"dependents":[],"parameterHints":{},"parameterHintsV2":{},"isOnPremiseConnection":false,"bypassConsent":false,"dataSets":{"https://m365x40353779.sharepoint.com/sites/SeasonalCalendar":{"dataSources":{"Roadmap Microsoft":{"tableName":"fb18bb30-50a7-41e4-bf90-9e2d9d844c7a"}}}},"apiTier":"Standard","isCustomApiConnection":false,"actions":["providers/PowerPlatform.Governance/Operations/Read"]}},"databaseReferences":{},"almMode":"Environment","performanceOptimizationEnabled":true,"canConsumeAppPass":true,"executionRestrictions":{"isTeamsOnly":false,"dataLossPreventionEvaluationResult":{"status":"Compliant","lastEvaluationDate":"2022-05-05T09:07:30.2714068Z","violations":[],"violationsByPolicy":[],"violationErrorMessage":"Die App verwendet die folgenden Connectors: ."}}},"appType":"ClassicCanvasApp","appComponents":[]}}