{"schemaVersion":"1.0","appDefinitionTemplate":{"id":"/providers/Microsoft.PowerApps/apps/","type":"Microsoft.PowerApps/apps","tags":{"primaryDeviceWidth":"1366","primaryDeviceHeight":"768","supportsPortrait":"true","supportsLandscape":"true","primaryFormFactor":"Tablet","publisherVersion":"3.22053.15","minimumRequiredApiVersion":"2.2.0","hasComponent":"false","hasUnlockedComponent":"false","isUnifiedRootApp":"false","sienaVersion":"20220527T084518Z-3.22053.15.0"},"properties":{"appVersion":"2022-05-27T08:45:18Z","lifeCycleId":"Published","createdByClientVersion":{"major":3,"minor":22053,"build":15,"revision":0,"majorRevision":0,"minorRevision":0},"minClientVersion":{"major":3,"minor":22053,"build":15,"revision":0,"majorRevision":0,"minorRevision":0},"backgroundColor":"rgba(168, 0, 0, 1)","backgroundImageUri":"/1215667216098842100/N8226f444-58b9-4c11-8ea2-f316368e9ee9-logoSmallFile","displayName":"Jahreszeitenkalender","description":"","commitMessage":"","appUris":{"documentUri":{"value":"/1215667216098842100/N6059e10d-7534-4491-97e4-83e0ec90b73a-document.msapp"},"imageUris":[]},"createdTime":"0001-01-01T00:00:00Z","lastModifiedTime":"0001-01-01T00:00:00Z","sharedGroupsCount":0,"sharedUsersCount":0,"icons":{"smallIconUri":"/1215667216098842100/Nd7ca3c47-7093-44a0-94fb-8e812970afef-small.png","mediumIconUri":"/1215667216098842100/Nedc4cae4-ba89-4281-9562-2f5a45185a52-medium.png","largeIconUri":"/1215667216098842100/N08ed7ac2-60d5-4e43-95b7-5005c0c8e95e-large.png","wideIconUri":"/1215667216098842100/N8083169d-5d06-4ba9-966d-8a7386c8afdd-wide.png"},"connectionReferences":{"1ff2817f-9f5f-4136-9217-7db0b4307b49":{"id":"18085d35-82f4-48dd-8f2c-41b6e2db9c7d","displayName":"SharePoint","iconUri":"https://connectoricons-prod.azureedge.net/releases/v1.0.1568/1.0.1568.2757/sharepointonline/icon.png","dataSources":["Roadmap Microsoft"],"dependencies":[],"dependents":[],"parameterHints":{},"parameterHintsV2":{},"isOnPremiseConnection":false,"bypassConsent":false,"dataSets":{"https://m365x40353779.sharepoint.com/sites/SeasonalCalendar":{"dataSources":{"Roadmap Microsoft":{"tableName":"582ff738-cbdb-4e44-b9f7-68984f57102e"}}}},"apiTier":"Standard","isCustomApiConnection":false,"actions":["providers/PowerPlatform.Governance/Operations/Read"]}},"databaseReferences":{},"almMode":"Environment","performanceOptimizationEnabled":true,"canConsumeAppPass":true,"executionRestrictions":{"isTeamsOnly":false,"dataLossPreventionEvaluationResult":{"status":"Compliant","lastEvaluationDate":"2022-05-05T09:07:30.2714068Z","violations":[],"violationsByPolicy":[],"violationErrorMessage":"Die App verwendet die folgenden Connectors: ."}}},"appType":"ClassicCanvasApp","appComponents":[]}}