{"schemaVersion":"1.0","appDefinitionTemplate":{"id":"/providers/Microsoft.PowerApps/apps/","type":"Microsoft.PowerApps/apps","tags":{"primaryDeviceWidth":"1366","primaryDeviceHeight":"768","sienaVersion":"20220923T120518Z-3.22091.11.0","deviceCapabilities":"","supportsPortrait":"false","supportsLandscape":"true","primaryFormFactor":"Tablet","publisherVersion":"3.22091.11","minimumRequiredApiVersion":"2.2.0","hasComponent":"false","hasUnlockedComponent":"false","isUnifiedRootApp":"false","optimizedForTeamsMeeting":"false"},"properties":{"appVersion":"2022-09-23T12:05:18Z","lifeCycleId":"Published","createdByClientVersion":{"major":3,"minor":22091,"build":11,"revision":0,"majorRevision":0,"minorRevision":0},"minClientVersion":{"major":3,"minor":22091,"build":11,"revision":0,"majorRevision":0,"minorRevision":0},"backgroundColor":"rgba(255, 255, 255, 1)","backgroundImageUri":"/1215667216098842100/N542a9bbe-2a05-4b0e-8138-17d84207aa57-logoSmallFile","displayName":"SeasonalCalendar","description":"","commitMessage":"","appUris":{"documentUri":{"value":"/1215667216098842100/N5aa29c70-959c-4d1f-ac97-8d8b1f97b6e5-document.msapp"},"imageUris":[],"additionalUris":[]},"createdTime":"0001-01-01T00:00:00Z","lastModifiedTime":"0001-01-01T00:00:00Z","sharedGroupsCount":0,"sharedUsersCount":0,"icons":{"smallIconUri":"/1215667216098842100/Nf8fc42e1-e6fb-4972-9a87-afa3ced5a0da-small.png","mediumIconUri":"/1215667216098842100/Nfc158f91-fe2c-4ca6-8777-70c135df6317-medium.png","largeIconUri":"/1215667216098842100/N217b3bfb-4885-4ac5-9f49-c9dae1886da7-large.png","wideIconUri":"/1215667216098842100/N85791a86-ee2a-4e57-96f4-85cafbc29260-wide.png"},"connectionReferences":{"63f54b0e-6481-463e-b148-84d752556900":{"id":"18085d35-82f4-48dd-8f2c-41b6e2db9c7d","displayName":"SharePoint","iconUri":"https://connectoricons-prod.azureedge.net/releases/v1.0.1591/1.0.1591.2961/sharepointonline/icon.png","dataSources":["Roadmap Microsoft","Roadmap Microsoft"],"dependencies":[],"dependents":[],"parameterHints":{},"parameterHintsV2":{},"isOnPremiseConnection":false,"bypassConsent":false,"dataSets":{},"apiTier":"Standard","isCustomApiConnection":false,"actions":["providers/PowerPlatform.Governance/Operations/Read"]}},"databaseReferences":{},"almMode":"Environment","performanceOptimizationEnabled":true,"canConsumeAppPass":false,"enableModernRuntimeMode":false,"executionRestrictions":{"isTeamsOnly":false,"dataLossPreventionEvaluationResult":{"status":"Compliant","lastEvaluationDate":"2022-05-05T09:07:30.2714068Z","violations":[],"violationsByPolicy":[],"violationErrorMessage":"Die App verwendet die folgenden Connectors: ."}}},"appType":"ClassicCanvasApp","appComponents":[]}}