{"schemaVersion":"1.0","appDefinitionTemplate":{"id":"/providers/Microsoft.PowerApps/apps/","type":"Microsoft.PowerApps/apps","tags":{"primaryDeviceWidth":"1366","primaryDeviceHeight":"768","sienaVersion":"20220927T093321Z-3.22091.11.0","deviceCapabilities":"","supportsPortrait":"false","supportsLandscape":"true","primaryFormFactor":"Tablet","publisherVersion":"3.22091.11","minimumRequiredApiVersion":"2.2.0","hasComponent":"false","hasUnlockedComponent":"false","isUnifiedRootApp":"false","optimizedForTeamsMeeting":"false"},"properties":{"appVersion":"2022-09-27T09:33:21Z","lifeCycleId":"Published","createdByClientVersion":{"major":3,"minor":22091,"build":11,"revision":0,"majorRevision":0,"minorRevision":0},"minClientVersion":{"major":3,"minor":22091,"build":11,"revision":0,"majorRevision":0,"minorRevision":0},"backgroundColor":"rgba(255, 255, 255, 1)","backgroundImageUri":"/1215667216098842100/Ncac02b8c-6256-485d-85c9-903c4bdba0e6-logoSmallFile","displayName":"Seasonal Calendar","description":"","commitMessage":"","appUris":{"documentUri":{"value":"/1215667216098842100/N026d398c-55e9-496d-bef8-f9efd615bc7e-document.msapp"},"imageUris":[],"additionalUris":[]},"createdTime":"0001-01-01T00:00:00Z","lastModifiedTime":"0001-01-01T00:00:00Z","sharedGroupsCount":0,"sharedUsersCount":0,"icons":{"smallIconUri":"/1215667216098842100/N2011034d-b932-4680-8900-f2317522e32c-small.png","mediumIconUri":"/1215667216098842100/Ne7432041-54dc-4d18-b704-fc7264edb56a-medium.png","largeIconUri":"/1215667216098842100/N16b86f70-52d8-4554-b149-264824e06ad0-large.png","wideIconUri":"/1215667216098842100/Nea116653-9530-4c9b-ac1a-fd20983f7b3c-wide.png"},"connectionReferences":{"63f54b0e-6481-463e-b148-84d752556900":{"id":"18085d35-82f4-48dd-8f2c-41b6e2db9c7d","displayName":"SharePoint","iconUri":"https://connectoricons-prod.azureedge.net/releases/v1.0.1591/1.0.1591.2961/sharepointonline/icon.png","dataSources":["Roadmap Microsoft","Roadmap Microsoft"],"dependencies":[],"dependents":[],"parameterHints":{},"parameterHintsV2":{},"isOnPremiseConnection":false,"bypassConsent":false,"dataSets":{},"apiTier":"Standard","isCustomApiConnection":false,"actions":["providers/PowerPlatform.Governance/Operations/Read"]}},"databaseReferences":{},"almMode":"Environment","performanceOptimizationEnabled":true,"canConsumeAppPass":false,"enableModernRuntimeMode":false,"executionRestrictions":{"isTeamsOnly":false,"dataLossPreventionEvaluationResult":{"status":"Compliant","lastEvaluationDate":"2022-05-05T09:07:30.2714068Z","violations":[],"violationsByPolicy":[],"violationErrorMessage":"Die App verwendet die folgenden Connectors: ."}}},"appType":"ClassicCanvasApp","appComponents":[]}}