{"schemaVersion":"1.0","appDefinitionTemplate":{"id":"/providers/Microsoft.PowerApps/apps/","type":"Microsoft.PowerApps/apps","tags":{"primaryDeviceWidth":"1366","primaryDeviceHeight":"768","supportsPortrait":"true","supportsLandscape":"true","primaryFormFactor":"Tablet","publisherVersion":"3.22062.5","minimumRequiredApiVersion":"2.2.0","hasComponent":"false","hasUnlockedComponent":"false","isUnifiedRootApp":"false","sienaVersion":"20220628T094843Z-3.22062.5.0"},"properties":{"appVersion":"2022-06-28T09:48:43Z","lifeCycleId":"Published","createdByClientVersion":{"major":3,"minor":22062,"build":5,"revision":0,"majorRevision":0,"minorRevision":0},"minClientVersion":{"major":3,"minor":22062,"build":5,"revision":0,"majorRevision":0,"minorRevision":0},"backgroundColor":"rgba(168, 0, 0, 1)","backgroundImageUri":"/1215667216098842100/N3bc0cc5d-5036-47f9-8844-070f67c7e51e-logoSmallFile","displayName":"Jahreszeitenkalender","description":"","commitMessage":"CompanyLogo muss nur noch einmal geändert werden","appUris":{"documentUri":{"value":"/1215667216098842100/N9e1a0312-cdc4-49c4-8166-c0956f306d5d-document.msapp"},"imageUris":[]},"createdTime":"0001-01-01T00:00:00Z","lastModifiedTime":"0001-01-01T00:00:00Z","sharedGroupsCount":0,"sharedUsersCount":0,"icons":{"smallIconUri":"/1215667216098842100/Na0ec82b6-b9e8-4ceb-a21c-fe6c4a588c98-small.png","mediumIconUri":"/1215667216098842100/N1904ba13-f3bd-401b-97ff-205c8f868898-medium.png","largeIconUri":"/1215667216098842100/N87f215eb-67bb-4715-b7e0-482f0ffd7737-large.png","wideIconUri":"/1215667216098842100/N437007c1-2e49-45ef-b2ab-7def5a849bab-wide.png"},"connectionReferences":{"1ff2817f-9f5f-4136-9217-7db0b4307b49":{"id":"18085d35-82f4-48dd-8f2c-41b6e2db9c7d","displayName":"SharePoint","iconUri":"https://connectoricons-prod.azureedge.net/releases/v1.0.1578/1.0.1578.2813/sharepointonline/icon.png","dataSources":["Roadmap Microsoft"],"dependencies":[],"dependents":[],"parameterHints":{},"parameterHintsV2":{},"isOnPremiseConnection":false,"bypassConsent":false,"dataSets":{"https://m365x40353779.sharepoint.com/sites/SeasonalCalendar":{"dataSources":{"Roadmap Microsoft":{"tableName":"582ff738-cbdb-4e44-b9f7-68984f57102e"}}}},"apiTier":"Standard","isCustomApiConnection":false,"actions":["providers/PowerPlatform.Governance/Operations/Read"]}},"databaseReferences":{},"almMode":"Environment","performanceOptimizationEnabled":true,"canConsumeAppPass":true,"executionRestrictions":{"isTeamsOnly":false,"dataLossPreventionEvaluationResult":{"status":"Compliant","lastEvaluationDate":"2022-05-05T09:07:30.2714068Z","violations":[],"violationsByPolicy":[],"violationErrorMessage":"Die App verwendet die folgenden Connectors: ."}}},"appType":"ClassicCanvasApp","appComponents":[]}}