{"schemaVersion":"1.0","appDefinitionTemplate":{"id":"/providers/Microsoft.PowerApps/apps/","type":"Microsoft.PowerApps/apps","tags":{"primaryDeviceWidth":"1366","primaryDeviceHeight":"768","sienaVersion":"20221005T131355Z-3.22091.27.0","deviceCapabilities":"","supportsPortrait":"false","supportsLandscape":"true","primaryFormFactor":"Tablet","publisherVersion":"3.22091.27","minimumRequiredApiVersion":"2.2.0","hasComponent":"false","hasUnlockedComponent":"false","isUnifiedRootApp":"false","optimizedForTeamsMeeting":"false"},"properties":{"appVersion":"2022-10-05T13:13:55Z","lifeCycleId":"Published","createdByClientVersion":{"major":3,"minor":22091,"build":27,"revision":0,"majorRevision":0,"minorRevision":0},"minClientVersion":{"major":3,"minor":22091,"build":27,"revision":0,"majorRevision":0,"minorRevision":0},"backgroundColor":"rgba(255, 255, 255, 1)","backgroundImageUri":"/1215667216098842100/N1aeefbd9-eb28-4822-8b99-1e5fc7ff9d5c-logoSmallFile","displayName":"Seasonal Calendar","description":"","commitMessage":"","appUris":{"documentUri":{"value":"/1215667216098842100/Nd6f35083-b11b-46e0-84c2-14f0aba4b0bd-document.msapp"},"imageUris":[],"additionalUris":[]},"createdTime":"0001-01-01T00:00:00Z","lastModifiedTime":"0001-01-01T00:00:00Z","sharedGroupsCount":0,"sharedUsersCount":0,"icons":{"smallIconUri":"/1215667216098842100/N67f75b8e-2e21-4fc5-9cd0-ccd6a1d8d2a3-small.png","mediumIconUri":"/1215667216098842100/N74d2e413-3ba1-4ca2-9604-1eab6ede6a7b-medium.png","largeIconUri":"/1215667216098842100/Nd03a9ec9-99d6-419a-a95d-82ecb78160cc-large.png","wideIconUri":"/1215667216098842100/Nb4f102a6-a7c8-45c1-b1d5-4a859b81e712-wide.png"},"connectionReferences":{"63f54b0e-6481-463e-b148-84d752556900":{"id":"18085d35-82f4-48dd-8f2c-41b6e2db9c7d","displayName":"SharePoint","iconUri":"https://connectoricons-prod.azureedge.net/releases/v1.0.1591/1.0.1591.2961/sharepointonline/icon.png","dataSources":["Roadmap Microsoft","Roadmap Microsoft"],"dependencies":[],"dependents":[],"parameterHints":{},"parameterHintsV2":{},"isOnPremiseConnection":false,"bypassConsent":false,"dataSets":{},"apiTier":"Standard","isCustomApiConnection":false,"actions":["providers/PowerPlatform.Governance/Operations/Read"]}},"databaseReferences":{},"almMode":"Environment","performanceOptimizationEnabled":true,"canConsumeAppPass":false,"enableModernRuntimeMode":false,"executionRestrictions":{"isTeamsOnly":false,"dataLossPreventionEvaluationResult":{"status":"Compliant","lastEvaluationDate":"2022-05-05T09:07:30.2714068Z","violations":[],"violationsByPolicy":[],"violationErrorMessage":"Die App verwendet die folgenden Connectors: ."}}},"appType":"ClassicCanvasApp","appComponents":[]}}